RA,RA_ERR,DEC,DEC_ERR,PLX,PLX_ERR,PMRA,PMRA_ERR,PMDEC,PMDEC_ERR,RA_DEC_CORR,RA_PLX_CORR,RA_PMRA_CORR,RA_PMDEC_CORR,DEC_PLX_CORR,DEC_PMRA_CORR,DEC_PMDEC_CORR,PLX_PMRA_CORR,PLX_PMDEC_CORR,PMRA_PMDEC_CORR,NAME,MODE,EPOCH,CHI_SQUARE
287.10647962641593,0.686795107310646,52.42541137722295,0.17333747471379551,14.142256589145187,0.25695147731096113,-103.05785934689959,1.7639271337550597,-55.31053404532889,0.3302721131656139,-0.026787011166889505,0.05089254381756945,-0.19736483125776377,-0.04029740722700725,-0.7552125631731498,0.10506174778287877,0.11190980757912022,-0.11502601976525341,-0.3924084056511313,0.043496983634616314,HD 179094,PR,2021.1256947296372,0.9928221278754107
