RA,RA_ERR,DEC,DEC_ERR,PLX,PLX_ERR,PMRA,PMRA_ERR,PMDEC,PMDEC_ERR,RA_DEC_CORR,RA_PLX_CORR,RA_PMRA_CORR,RA_PMDEC_CORR,DEC_PLX_CORR,DEC_PMRA_CORR,DEC_PMDEC_CORR,PLX_PMRA_CORR,PLX_PMDEC_CORR,PMRA_PMDEC_CORR,NAME,MODE,EPOCH,CHI_SQUARE
287.1064795394773,0.93110659767035,52.42541136871894,0.1643610982030331,14.205311447186741,0.25607409206276455,-101.96093560525551,2.6617762491946295,-55.21166194876832,0.43989432504041864,0.006145833923294415,0.07094516128573064,-0.04283010186617818,-0.0564408375457436,-0.4714925337047757,0.08058707262601698,0.15978665977496656,-0.10183465781281804,-0.406956514256926,0.06277670345949085,HD 179094,PR,2021.1256947296372,0.9905743305546644
