RA,RA_ERR,DEC,DEC_ERR,PLX,PLX_ERR,PMRA,PMRA_ERR,PMDEC,PMDEC_ERR,RA_DEC_CORR,RA_PLX_CORR,RA_PMRA_CORR,RA_PMDEC_CORR,DEC_PLX_CORR,DEC_PMRA_CORR,DEC_PMDEC_CORR,PLX_PMRA_CORR,PLX_PMDEC_CORR,PMRA_PMDEC_CORR,NAME,MODE,EPOCH,CHI_SQUARE
287.1064793138508,0.01417897121637085,52.42541123227151,0.023692423004952626,15.38557811788768,0.02535245062553575,-102.3305559299103,0.055759236352048755,-56.73287442752086,0.07178673291214137,-0.07991122197480036,0.29034225756701054,-0.5285914580121638,-0.12074196742557469,-0.3609397021685699,0.2373348329578572,-0.13331180986353022,-0.6894847796456645,-0.4554640814846025,0.30118160993827153,HD 179094,PR,2021.1256947296372,529.6718293586697
