NAME,EPOCH,CALIBRATOR,RA,RA_ERR,DEC,DEC_ERR,MODE
HD 179094,2020.6479178644763,J1910+5151,287.1064976,1.3330975071308118,52.42542127,0.23835458508165364,PR
HD 179094,2020.8308528405205,J1910+5151,287.1064862,2.4413552741527296,52.42541426,0.39387944690040244,PR
HD 179094,2021.1857713894592,J1910+5151,287.1064833,2.0167426480643216,52.42540891,0.3415447256574262,PR
HD 179094,2021.439780971937,J1910+5151,287.1064678,1.228990043861729,52.42540999,0.2007717093723781,PR
HD 179094,2021.603471594798,J1910+5151,287.1064538,1.3090999683229774,52.42540729,0.221796930182754,PR
