NAME,EPOCH,CALIBRATOR,RA,RA_ERR,DEC,DEC_ERR,MODE
HD 179094,2020.6479178644763,J1910+5151,287.1064976,2.590947800752489,52.42542127,0.4143609925681178,PR
HD 179094,2020.8308528405205,J1910+5151,287.1064862,1.4859847680786333,52.42541426,0.22252719971250773,PR
HD 179094,2021.1857713894592,J1910+5151,287.1064833,3.1243782303191794,52.42540891,0.44121772356790323,PR
HD 179094,2021.439780971937,J1910+5151,287.1064678,0.8382478178905113,52.42540999,0.16497706185582467,PR
HD 179094,2021.603471594798,J1910+5151,287.1064538,2.1718238918072337,52.42540729,0.28775068928341513,PR
